{
  "name": "Skyline Slam 3v3",
  "version": "1.0.0",
  "gdVersion": "5.0.0",
  "properties": {
    "orientation": "landscape",
    "adMobAppId": "",
    "packageName": "com.skyline.slam3v3",
    "author": "ChatGPT",
    "useExternalSourceFiles": false,
    "folderProject": false,
    "scaleMode": "linear",
    "sizeOnStartupMode": "adaptWidth",
    "pixelsPerUnit": 1,
    "adaptGameResolutionAtRuntime": true,
    "projectUuid": "skyline-slam-3v3"
  },
  "resources": [],
  "objects": [
    {
      "name": "Player1",
      "type": "Sprite",
      "animations": [
        {
          "name": "Idle",
          "useMultipleDirections": false,
          "directions": [
            {
              "sprites": []
            }
          ]
        },
        {
          "name": "Dribble",
          "useMultipleDirections": false,
          "directions": [
            {
              "sprites": []
            }
          ]
        },
        {
          "name": "Shoot",
          "useMultipleDirections": false,
          "directions": [
            {
              "sprites": []
            }
          ]
        },
        {
          "name": "Dunk",
          "useMultipleDirections": false,
          "directions": [
            {
              "sprites": []
            }
          ]
        },
        {
          "name": "Block",
          "useMultipleDirections": false,
          "directions": [
            {
              "sprites": []
            }
          ]
        },
        {
          "name": "Steal",
          "useMultipleDirections": false,
          "directions": [
            {
              "sprites": []
            }
          ]
        },
        {
          "name": "Celebrate",
          "useMultipleDirections": false,
          "directions": [
            {
              "sprites": []
            }
          ]
        }
      ],
      "variables": [
        {
          "name": "Speed",
          "value": "200"
        },
        {
          "name": "IsControlled",
          "value": "true"
        },
        {
          "name": "IsPowerDunkReady",
          "value": "false"
        },
        {
          "name": "CanBlock",
          "value": "true"
        },
        {
          "name": "CanSteal",
          "value": "true"
        }
      ]
    },
    {
      "name": "Player2",
      "type": "Sprite",
      "animations": [
        {
          "name": "Idle",
          "useMultipleDirections": false,
          "directions": [
            {
              "sprites": []
            }
          ]
        },
        {
          "name": "Dribble",
          "useMultipleDirections": false,
          "directions": [
            {
              "sprites": []
            }
          ]
        },
        {
          "name": "Shoot",
          "useMultipleDirections": false,
          "directions": [
            {
              "sprites": []
            }
          ]
        },
        {
          "name": "Dunk",
          "useMultipleDirections": false,
          "directions": [
            {
              "sprites": []
            }
          ]
        },
        {
          "name": "Block",
          "useMultipleDirections": false,
          "directions": [
            {
              "sprites": []
            }
          ]
        },
        {
          "name": "Steal",
          "useMultipleDirections": false,
          "directions": [
            {
              "sprites": []
            }
          ]
        },
        {
          "name": "Celebrate",
          "useMultipleDirections": false,
          "directions": [
            {
              "sprites": []
            }
          ]
        }
      ],
      "variables": [
        {
          "name": "Speed",
          "value": "180"
        },
        {
          "name": "IsControlled",
          "value": "false"
        },
        {
          "name": "IsPowerDunkReady",
          "value": "false"
        },
        {
          "name": "CanBlock",
          "value": "true"
        },
        {
          "name": "CanSteal",
          "value": "true"
        }
      ]
    },
    {
      "name": "Ball",
      "type": "Sprite",
      "animations": [
        {
          "name": "Default",
          "useMultipleDirections": false,
          "directions": [
            {
              "sprites": []
            }
          ]
        }
      ],
      "variables": [
        {
          "name": "HeldByPlayer",
          "value": "1"
        }
      ]
    },
    {
      "name": "Joystick",
      "type": "Sprite",
      "animations": [
        {
          "name": "Base",
          "useMultipleDirections": false,
          "directions": [
            {
              "sprites": []
            }
          ]
        }
      ]
    },
    {
      "name": "ShootButton",
      "type": "Text",
      "string": "Shoot",
      "fontSize": 20,
      "color": "255;255;255"
    },
    {
      "name": "ScoreText",
      "type": "Text",
      "string": "Score: 0 - 0",
      "fontSize": 24,
      "color": "255;255;0"
    },
    {
      "name": "GameTimerText",
      "type": "Text",
      "string": "Time: 3:00",
      "fontSize": 20,
      "color": "255;255;255"
    },
    {
      "name": "TeamAButton",
      "type": "Text",
      "string": "\ud83c\udfc0 Team Fire",
      "fontSize": 24,
      "color": "255;100;100"
    },
    {
      "name": "TeamBButton",
      "type": "Text",
      "string": "\u2744\ufe0f Team Ice",
      "fontSize": 24,
      "color": "100;200;255"
    },
    {
      "name": "StartMatchButton",
      "type": "Text",
      "string": "Start Match",
      "fontSize": 20,
      "color": "255;255;255"
    }
  ],
  "scenes": [
    {
      "name": "MainMenu",
      "layers": [
        {
          "name": "",
          "visibility": true
        }
      ],
      "variables": [],
      "objects": [],
      "instances": [],
      "events": []
    },
    {
      "name": "GameScene",
      "layers": [
        {
          "name": "Background",
          "visibility": true
        },
        {
          "name": "UI",
          "visibility": true
        }
      ],
      "variables": [
        {
          "name": "ScoreTeamA",
          "value": "0"
        },
        {
          "name": "ScoreTeamB",
          "value": "0"
        },
        {
          "name": "GameTime",
          "value": "180"
        },
        {
          "name": "ShotClock",
          "value": "24"
        },
        {
          "name": "ActivePlayer",
          "value": "0"
        },
        {
          "name": "PowerMeter",
          "value": "0"
        }
      ],
      "objects": [
        "Player1",
        "Player2",
        "Ball",
        "Joystick",
        "ShootButton",
        "ScoreText",
        "GameTimerText"
      ],
      "instances": [
        {
          "name": "Player1",
          "x": 100,
          "y": 300,
          "layer": "",
          "zOrder": 1
        },
        {
          "name": "Player2",
          "x": 200,
          "y": 300,
          "layer": "",
          "zOrder": 1
        },
        {
          "name": "Ball",
          "x": 120,
          "y": 310,
          "layer": "",
          "zOrder": 1
        },
        {
          "name": "Joystick",
          "x": 50,
          "y": 400,
          "layer": "UI",
          "zOrder": 10
        },
        {
          "name": "ShootButton",
          "x": 650,
          "y": 400,
          "layer": "UI",
          "zOrder": 10
        },
        {
          "name": "ScoreText",
          "x": 300,
          "y": 20,
          "layer": "UI",
          "zOrder": 10
        },
        {
          "name": "GameTimerText",
          "x": 320,
          "y": 50,
          "layer": "UI",
          "zOrder": 10
        }
      ],
      "events": []
    },
    {
      "name": "GameOver",
      "layers": [
        {
          "name": "",
          "visibility": true
        }
      ],
      "variables": [],
      "objects": [],
      "instances": [],
      "events": []
    },
    {
      "name": "TeamSelect",
      "layers": [
        {
          "name": "",
          "visibility": true
        }
      ],
      "variables": [
        {
          "name": "SelectedTeam",
          "value": "0"
        }
      ],
      "objects": [
        "TeamAButton",
        "TeamBButton",
        "StartMatchButton"
      ],
      "instances": [
        {
          "name": "TeamAButton",
          "x": 200,
          "y": 200,
          "layer": "",
          "zOrder": 1
        },
        {
          "name": "TeamBButton",
          "x": 400,
          "y": 200,
          "layer": "",
          "zOrder": 1
        },
        {
          "name": "StartMatchButton",
          "x": 300,
          "y": 400,
          "layer": "",
          "zOrder": 1
        }
      ],
      "events": []
    }
  ]
}